,timestamp,current_engine_rpm,acceleration_x,acceleration_y,acceleration_z,velocity_x,velocity_y,velocity_z,yaw,pitch,roll,position_x,position_y,position_z,speed,power,torque
0,0,8999.9951171875,0.000340938480803743,-0.0015488212229683995,-7.865823135944083e-05,-4.4310603698249906e-05,-2.7716167096514255e-05,-8.197152055799961e-05,1.3065707683563232,0.012199022807180882,0.012549446895718575,-5058.70068359375,178.8190460205078,-272.09796142578125,9.721596870804206e-05,-0.025955358520150185,-0.0002623272594064474
18,1822,8999.9951171875,8.732732567295898e-06,7.398397428914905e-05,-3.015270976902684e-06,-4.125109262531623e-05,1.078141622201656e-06,-8.344885281985626e-05,1.3065707683563232,0.012199022807180882,0.012549446895718575,-5058.70068359375,178.81903076171875,-272.09796142578125,9.309418237535283e-05,-0.025955358520150185,-0.0002623272594064474
36,1964,8999.9951171875,-0.004141294397413731,0.0028389464132487774,0.001095889718271792,0.002078797435387969,-0.0010852367850020528,-9.91090782918036e-05,1.3065707683563232,0.012180834077298641,0.012263360433280468,-5058.70068359375,178.8190155029297,-272.0979919433594,0.002347117057070136,-0.025955358520150185,-0.0002623272594064474
54,2109,8999.9951171875,-0.012794074602425098,0.018151674419641495,0.0033049797639250755,3.594974987208843e-05,0.004660879727452993,-0.0012334133498370647,1.3065589666366577,0.011923138983547688,0.011805113404989243,-5058.70068359375,178.81927490234375,-272.0981750488281,0.004821451846510172,32097.384765625,212.46473693847656
72,2246,8999.9951171875,0.07883977890014648,-0.01059904508292675,0.12235773354768753,0.0014563603326678276,0.0019145359983667731,-0.0024927209597080946,1.3065180778503418,0.011484830640256405,0.01125757209956646,-5058.70166015625,178.81971740722656,-272.09832763671875,0.003464114386588335,266693.75,607.583740234375
90,2384,8999.9951171875,1.7071218490600586,-0.09151042997837067,9.379552841186523,0.22179585695266724,-0.004193373955786228,1.121751308441162,1.3131989240646362,0.00938967801630497,0.011350173503160477,-5058.6494140625,178.819580078125,-272.0963134765625,1.1434757709503174,449765.4375,785.5117797851562
108,2517,8999.9951171875,2.499581813812256,0.24868819117546082,13.202093124389648,0.5058274269104004,0.008886158466339111,2.7637455463409424,1.3422422409057617,0.00607538316398859,0.011759500950574875,-5058.390625,178.8173370361328,-272.08343505859375,2.809666872024536,308566.90625,503.9270935058594
126,2647,8999.9951171875,2.2978532314300537,-0.035206180065870285,11.617437362670898,0.6955677270889282,0.011925583705306053,4.426984786987305,1.3920568227767944,0.004169869236648083,0.01334029994904995,-5057.9150390625,178.81866455078125,-272.06719970703125,4.481311321258545,-36565.44921875,-87.29927825927734
144,2781,8999.9951171875,3.9460461139678955,0.09304934740066528,6.9764604568481445,0.7933675646781921,0.03880972042679787,5.503593444824219,1.4677821397781372,0.003871167078614235,0.014509729109704494,-5057.24365234375,178.821533203125,-272.06414794921875,5.5606184005737305,-6694.890625,-31.32411766052246
162,2912,8999.9951171875,6.291566848754883,0.04263292998075485,-2.8898937702178955,1.060489296913147,0.05391809344291687,5.1625165939331055,1.5731115341186523,0.0058007691986858845,0.015460455790162086,-5056.52880859375,178.8252410888672,-272.1474304199219,5.270589828491211,871.81787109375,4.745212078094482
180,3039,8999.9951171875,7.429835796356201,0.021356739103794098,-0.18798351287841797,1.3226981163024902,0.058914922177791595,5.149199485778809,1.7078474760055542,0.005350008606910706,0.015357106924057007,-5055.88525390625,178.8306884765625,-272.3459167480469,5.3166961669921875,37419.50390625,193.05264282226562
198,3170,8999.9951171875,7.725620269775391,-0.059018831700086594,-2.493901252746582,1.482298731803894,0.052704330533742905,5.033401966094971,1.872287631034851,0.0037844961043447256,0.01480894722044468,-5055.26953125,178.83773803710938,-272.671142578125,5.247392177581787,-4650.1435546875,-24.59482765197754
216,3311,8999.9951171875,6.895611763000488,-0.0672309473156929,-2.7509148120880127,1.4672600030899048,0.05388450250029564,4.847376823425293,2.0519118309020996,0.0029420421924442053,0.013516083359718323,-5054.7412109375,178.8453826904297,-273.1025695800781,5.064860820770264,-4209.8857421875,-22.983903884887695
234,3445,8999.9951171875,6.027010440826416,-0.061405688524246216,-2.0015053749084473,1.4345861673355103,0.053136005997657776,4.713733673095703,2.2274179458618164,0.001961554167792201,0.011635840870440006,-5054.3125,178.8533935546875,-273.605224609375,4.927488803863525,-3855.89111328125,-21.635089874267578
252,3576,8999.9951171875,6.405945301055908,-0.06080513820052147,-2.610386848449707,1.404213547706604,0.05186677724123001,4.593161582946777,2.3948419094085693,0.0012329963501542807,0.00956235732883215,-5053.99267578125,178.86119079589844,-274.1479797363281,4.8032941818237305,-2313.728515625,-13.310480117797852
270,3704,8999.9951171875,6.854915618896484,-0.017349643632769585,0.622201681137085,1.447883129119873,0.05218689516186714,4.834275245666504,2.554748058319092,0.00023385882377624512,0.00758545333519578,-5053.77197265625,178.86875915527344,-274.7165222167969,5.0467119216918945,39992.67578125,215.58338928222656
288,3837,8999.9951171875,7.252167701721191,0.0201222263276577,5.22598123550415,1.5224058628082275,0.05256279930472374,5.685718059539795,2.733222246170044,-0.0013946021208539605,0.005740668624639511,-5053.6220703125,178.8772735595703,-275.4089660644531,5.88624382019043,85654.2578125,395.06793212890625
306,3966,8999.9951171875,2.7191479206085205,0.045566413551568985,9.674925804138184,0.9226519465446472,0.05777096748352051,7.1765031814575195,2.896641969680786,-0.0023004652466624975,0.0012433977099135518,-5053.5068359375,178.88653564453125,-276.26171875,7.235800266265869,136813.421875,498.3235778808594
324,4112,8999.9951171875,2.9782896041870117,0.22389832139015198,11.605445861816406,0.5457558631896973,0.0862528383731842,8.674765586853027,3.0062432289123535,-0.0020047612488269806,-0.0008741015917621553,-5053.41357421875,178.897705078125,-277.2605895996094,8.692343711853027,214884.96875,637.7952880859375
342,4248,8999.9951171875,1.6815965175628662,-0.005230216309428215,13.301309585571289,0.17432141304016113,0.08046796917915344,10.365331649780273,3.0753567218780518,-0.0025020812172442675,-0.0009958894224837422,-5053.337890625,178.91110229492188,-278.476806640625,10.367110252380371,397646.15625,883.546142578125
360,4380,8999.9951171875,1.371309757232666,0.22970622777938843,15.767682075500488,-0.13839733600616455,0.10132159292697906,12.437976837158203,3.1181893348693848,-0.003773247357457876,-0.00043778339750133455,-5053.27685546875,178.9277801513672,-279.94805908203125,12.439159393310547,678741.75,1071.582763671875
378,4508,8999.9951171875,0.6229410171508789,-0.16377612948417664,14.394824028015137,-0.5285785794258118,0.06985968351364136,14.335946083068848,-3.136103391647339,-0.005730521399527788,-0.002230841899290681,-5053.21923828125,178.94876098632812,-281.67681884765625,14.345855712890625,875597.9375,1007.2283935546875
396,4636,8999.9951171875,0.07893115282058716,0.2552773952484131,14.451864242553711,-0.7496962547302246,0.07049374282360077,16.1722412109375,-3.1177327632904053,-0.00836120918393135,-0.0033628996461629868,-5053.162109375,178.9716796875,-283.64105224609375,16.18976402282715,-164639.671875,-198.891845703125
414,4771,8999.9951171875,-0.8038294911384583,0.4744354486465454,12.50809097290039,-0.4873850643634796,0.17052310705184937,17.329776763916016,-3.12842059135437,-0.005804536864161491,-0.0038385086227208376,-5053.1376953125,179.00128173828125,-285.7074890136719,17.337467193603516,487651.65625,851.37646484375
432,4913,8999.9951171875,-2.182365655899048,-0.29545021057128906,15.533731460571289,-0.12366625666618347,0.1251816749572754,19.51051902770996,3.120701551437378,-0.006399592850357294,-0.004148032516241074,-5053.0869140625,179.03778076171875,-288.2004089355469,19.511314392089844,636604.875,1062.884521484375
450,5047,8999.9951171875,-3.049598455429077,-0.19747915863990784,15.56121826171875,0.2712005376815796,0.11133971065282822,21.51548957824707,3.0768420696258545,-0.0057088048197329044,-0.004087898414582014,-5052.98193359375,179.06858825683594,-290.8561096191406,21.517484664916992,733354.5625,1090.019287109375
468,5181,8999.9951171875,-4.601056098937988,0.013947099447250366,15.59327507019043,0.7713396549224854,0.1486411988735199,23.431467056274414,3.02603816986084,-0.0038789142854511738,-0.003118407679721713,-5052.78857421875,179.09767150878906,-293.7042236328125,23.444629669189453,812515.9375,1081.1690673828125
486,5316,8999.9951171875,-4.807239532470703,-0.20168107748031616,15.122471809387207,1.3800859451293945,0.15818828344345093,25.324228286743164,2.968574285507202,-0.003221108578145504,-0.0031048166565597057,-5052.47802734375,179.12908935546875,-296.7548828125,25.36229705810547,869306.125,1064.861328125
504,5447,8999.9951171875,-6.149040222167969,0.04194331914186478,13.453227043151855,2.251720428466797,0.14540565013885498,27.003803253173828,2.9029386043548584,-0.004842496942728758,-0.004055596422404051,-5052.01318359375,179.1616973876953,-300.1016845703125,27.097909927368164,651759.8125,766.7559814453125
522,5586,8999.9951171875,-5.174476623535156,0.26960936188697815,0.15370845794677734,3.4511475563049316,0.27187544107437134,26.752214431762695,2.827235221862793,-0.0023141868878155947,-0.0027710965368896723,-5051.39794921875,179.20159912109375,-303.6161193847656,26.975271224975586,19796.474609375,40.535701751708984
540,5721,8999.9951171875,-8.059199333190918,-0.6173542737960815,-7.711198329925537,4.944101810455322,0.359064519405365,25.357465744018555,2.7301077842712402,0.00453930115327239,-0.002662250306457281,-5050.70703125,179.23707580566406,-306.98187255859375,25.837459564208984,-38939.62890625,-90.46334838867188
558,5857,8999.9951171875,-10.493542671203613,-0.4124467074871063,-8.418292045593262,6.842557430267334,0.38610178232192993,23.379030227661133,2.605924129486084,0.009127352386713028,-0.0037787812761962414,-5049.97021484375,179.25732421875,-310.08734130859375,24.36285400390625,-28395.880859375,-75.55685424804688
576,5983,8999.9951171875,-10.416717529296875,-0.049738191068172455,-6.967877388000488,9.100348472595215,0.35073238611221313,21.130714416503906,2.4478018283843994,0.0077210539020597935,-0.003924380987882614,-5049.15673828125,179.27621459960938,-313.03643798828125,23.009702682495117,-20742.587890625,-62.93715286254883
594,6115,8999.9951171875,-10.020513534545898,-0.8816090822219849,-4.563952445983887,11.586505889892578,0.3285895586013794,18.3621883392334,2.2626523971557617,0.010782260447740555,-0.005261809099465609,-5048.296875,179.29330444335938,-315.8014831542969,21.714628219604492,29427.755859375,93.47818756103516
612,6248,8999.9951171875,-9.111837387084961,-0.7601972818374634,-2.0451724529266357,13.783970832824707,0.29403430223464966,15.346931457519531,2.0599923133850098,0.013591325841844082,-0.007075360976159573,-5047.39599609375,179.2970428466797,-318.39306640625,20.630380630493164,234008.03125,530.4426879882812
630,6377,8999.9951171875,-10.11634635925293,0.23615294694900513,7.316188812255859,14.955034255981445,0.2719022035598755,13.892101287841797,1.8945904970169067,0.01094147376716137,-0.006085396744310856,-5046.4306640625,179.29763793945312,-320.8017883300781,20.413658142089844,466236.96875,848.1399536132812
648,6503,8999.9951171875,-9.878780364990234,-0.0026769861578941345,11.494908332824707,15.618149757385254,0.2410328984260559,12.967519760131836,1.7409733533859253,0.009803153574466705,-0.006844323128461838,-5045.208984375,179.29881286621094,-323.18743896484375,20.30126190185547,757741.875,1056.5579833984375
666,6634,8999.9951171875,-7.693288326263428,0.352583646774292,13.490629196166992,16.356544494628906,0.2303316295146942,12.242823600769043,1.5958298444747925,0.010029774159193039,-0.006277820095419884,-5043.77294921875,179.29690551757812,-325.42999267578125,20.43223762512207,875107.3125,1009.5113525390625
684,6766,8999.9951171875,-6.145148277282715,0.2756336033344269,13.87404727935791,17.072389602661133,0.20815080404281616,11.64804458618164,1.461398959159851,0.00933746062219143,-0.00458926148712635,-5042.18408203125,179.29844665527344,-327.4591369628906,20.668493270874023,864095.3125,949.0629272460938
702,6893,8999.9951171875,-3.1557774543762207,-0.07455898821353912,13.439062118530273,17.91590118408203,0.1656949669122696,11.119904518127441,1.3394582271575928,0.009078212082386017,-0.0035854445304721594,-5040.41357421875,179.30064392089844,-329.3562316894531,21.086944580078125,861110.125,964.90576171875
720,7019,8999.9951171875,-2.38970947265625,-0.11758574098348618,13.23193359375,18.591659545898438,0.12496361881494522,10.923429489135742,1.240845799446106,0.007236412726342678,-0.0025841770693659782,-5038.4609375,179.30210876464844,-331.1549072265625,21.56355094909668,854130.0,975.2410888671875
738,7148,8999.9951171875,-3.6803765296936035,-0.1072966530919075,13.437664985656738,18.905242919921875,0.11337723582983017,11.147590637207031,1.1647001504898071,0.005755406338721514,-0.002975021256133914,-5036.31005859375,179.3026123046875,-332.86187744140625,21.94743537902832,-259679.046875,-287.521240234375
756,7273,8999.9951171875,-6.037191867828369,0.05510083958506584,14.100641250610352,18.764907836914062,0.14141659438610077,11.597734451293945,1.1029390096664429,0.005531386472284794,-0.0052212197333574295,-5034.0361328125,179.29946899414062,-334.39044189453125,22.06012725830078,857446.375,944.0962524414062
774,7401,8999.9951171875,-7.207834720611572,0.3274837136268616,13.902957916259766,18.488712310791016,0.16826608777046204,12.126733779907227,1.0441086292266846,0.0056071472354233265,-0.005771337077021599,-5031.58447265625,179.295654296875,-335.7533264160156,22.111499786376953,843136.25,959.1103515625
792,7534,8999.9951171875,-7.7425127029418945,0.06524140387773514,12.203354835510254,18.193099975585938,0.17934079468250275,12.70062255859375,0.9893601536750793,0.006523439195007086,-0.005916303489357233,-5029.03955078125,179.29441833496094,-336.89239501953125,22.188440322875977,845114.0625,932.3816528320312
810,7661,8999.9951171875,-7.38947868347168,-0.05365573987364769,12.565826416015625,17.862882614135742,0.17523890733718872,13.343137741088867,0.9364433884620667,0.005872638896107674,-0.006341301836073399,-5026.3525390625,179.29335021972656,-337.8293762207031,22.296918869018555,836735.4375,950.7527465820312
828,7793,8999.9951171875,-8.402814865112305,0.08838506788015366,12.166300773620605,17.448760986328125,0.18508963286876678,14.118644714355469,0.8849120140075684,0.0036787260323762894,-0.0060635958798229694,-5023.51123046875,179.2958984375,-338.5471496582031,22.446149826049805,842183.0,929.1576538085938
846,7918,8999.9951171875,-8.122536659240723,-0.19169549643993378,12.224605560302734,17.01321792602539,0.19846190512180328,14.897063255310059,0.8399490118026733,0.004613457713276148,-0.006310671102255583,-5020.6865234375,179.30081176757812,-339.00628662109375,22.61440658569336,847272.875,957.388671875
864,8046,8999.9951171875,-7.731268882751465,-0.37280428409576416,12.154948234558105,16.614604949951172,0.21268044412136078,15.725998878479004,0.8004857897758484,0.008343946188688278,-0.007575036492198706,-5017.80712890625,179.29852294921875,-339.24188232421875,22.877878189086914,840635.75,953.6859741210938
882,8174,8999.9951171875,-4.791177272796631,0.5805386304855347,13.598936080932617,16.396162033081055,0.2145446240901947,16.939428329467773,0.7744085192680359,0.008583147078752518,-0.004973952658474445,-5014.83251953125,179.29144287109375,-339.263671875,23.575929641723633,-178070.5,-204.4709014892578
900,8304,8999.9951171875,-6.98668909072876,0.5198243260383606,13.307172775268555,15.509323120117188,0.21352331340312958,18.528467178344727,0.7725340723991394,0.006631425581872463,-0.0028729161713272333,-5011.82568359375,179.29400634765625,-339.0698547363281,24.163785934448242,857585.75,941.9025268554688
918,8432,8999.9951171875,-9.571573257446289,-0.28582870960235596,10.633862495422363,14.100095748901367,0.2260316014289856,20.10740852355957,0.7818159461021423,0.008184067904949188,-0.0036582464817911386,-5008.72705078125,179.29971313476562,-338.6271667480469,24.55954933166504,844019.4375,934.6912231445312
936,8566,8999.9951171875,-9.53170108795166,-0.2010718435049057,11.160760879516602,12.559915542602539,0.23621144890785217,21.780969619750977,0.7949571013450623,0.008970164693892002,-0.004357693716883659,-5005.56689453125,179.300048828125,-337.93035888671875,25.143943786621094,830903.8125,935.7435913085938
954,8694,8999.9951171875,-6.597725868225098,0.08424040675163269,11.422782897949219,11.157687187194824,0.23939748108386993,23.691143035888672,0.8210893869400024,0.007704531773924828,-0.0036475753877311945,-5002.4169921875,179.30136108398438,-337.00787353515625,26.188194274902344,650855.8125,719.75390625
972,8823,8999.9951171875,-5.398802757263184,0.12288589030504227,7.033438682556152,9.082096099853516,0.23770402371883392,25.479448318481445,0.8864966034889221,0.007648460101336241,-0.002618884202092886,-4999.1357421875,179.30276489257812,-335.89935302734375,27.050750732421875,45731.35546875,76.3642807006836
990,8953,8999.9951171875,-5.460357666015625,-0.3480781018733978,-17.112712860107422,5.708882808685303,0.33427485823631287,23.817676544189453,0.9891068339347839,0.013927819207310677,-0.003057911293581128,-4996.099609375,179.30137634277344,-334.8056335449219,24.494586944580078,-6753.11181640625,-31.500991821289062
1008,9086,8999.9951171875,-1.9235196113586426,-0.5358136296272278,-21.11273765563965,2.6874542236328125,0.3947505056858063,21.650760650634766,1.1055974960327148,0.019959663972258568,-0.002474667737260461,-4993.36669921875,179.29660034179688,-333.8242492675781,21.820486068725586,131679.046875,452.30499267578125
1026,9214,8999.9951171875,-0.37173938751220703,-0.4157743453979492,-22.544021606445312,-0.08633041381835938,0.3539523184299469,18.90253448486328,1.2275160551071167,0.02054617926478386,-0.0020262515172362328,-4990.95166015625,179.291748046875,-332.95184326171875,18.906044006347656,-56996.6171875,-85.29912567138672
1044,9341,8999.9951171875,1.975881576538086,-0.3230491876602173,-22.386911392211914,-1.9525022506713867,0.3066478669643402,15.954893112182617,1.3406602144241333,0.019360462203621864,-0.0003095506690442562,-4988.923828125,179.29071044921875,-332.2137756347656,16.07684326171875,-72.24694061279297,-0.7114502787590027
1062,9469,8999.9951171875,4.136167526245117,-0.37756267189979553,-21.309614181518555,-3.1563005447387695,0.2562360167503357,12.935464859008789,1.449356198310852,0.018862565979361534,0.002053570933640003,-4987.19287109375,179.2911834716797,-331.5697326660156,13.317437171936035,-0.25751596689224243,-0.0026024531107395887
1080,9594,8999.9951171875,6.01385498046875,-0.33582577109336853,-20.515159606933594,-3.7069590091705322,0.21031945943832397,9.986688613891602,1.5506441593170166,0.01872221753001213,0.004386628046631813,-4985.78466796875,179.29127502441406,-331.028564453125,10.654563903808594,-0.001029964885674417,-1.040981169353472e-05
1098,9723,8999.9951171875,7.6034674644470215,-0.2792438268661499,-19.777088165283203,-3.683002471923828,0.16285909712314606,7.183548450469971,1.6441854238510132,0.018477117642760277,0.0060118879191577435,-4984.69921875,179.2913055419922,-330.5876770019531,8.07430362701416,-0.001029964885674417,-1.040981169353472e-05
1116,9861,8999.9951171875,14.027107238769531,-0.1937992125749588,-7.545428276062012,-2.6066503524780273,0.11681733280420303,5.790657043457031,1.7364505529403687,0.016010278835892677,0.007653020787984133,-4983.85986328125,179.2919158935547,-330.2700500488281,6.351376533508301,-3270.817138671875,-19.28437614440918
1134,9994,8999.9951171875,9.31633186340332,-0.3684080243110657,-15.572032928466797,-1.9292776584625244,0.06399932503700256,3.465104103088379,1.8199459314346313,0.015937499701976776,0.0067042200826108456,-4983.22998046875,179.2924041748047,-330.1148681640625,3.9665040969848633,354.8907165527344,3.9258413314819336
1152,10119,8999.9951171875,9.049684524536133,-0.3463107645511627,-14.579946517944336,-0.9705042243003845,0.029958663508296013,1.3866547346115112,1.8840827941894531,0.01658431813120842,0.006352920550853014,-4982.89599609375,179.29281616210938,-330.02191162109375,1.6928044557571411,364.9248962402344,3.9258413314819336
1170,10244,8999.9951171875,7.7675557136535645,-0.15700091421604156,-10.801112174987793,0.01445834431797266,0.023096764460206032,-0.08053576946258545,1.9169762134552002,0.016051286831498146,0.005857403390109539,-4982.81494140625,179.29522705078125,-329.9931335449219,0.08502066880464554,374.86993408203125,3.9258413314819336
1188,10373,8999.9951171875,0.22298100590705872,-0.1330307424068451,-0.8842896223068237,-0.03240600973367691,0.0024895165115594864,0.009083982557058334,1.9112516641616821,0.013668925501406193,0.002636962803080678,-4982.8251953125,179.29660034179688,-329.99755859375,0.03374708443880081,384.5683288574219,3.9258413314819336
1206,10501,8999.9951171875,0.10278044641017914,-0.01727597787976265,-0.010635539889335632,0.01409173384308815,0.002072669565677643,-0.007175571285188198,1.9120643138885498,0.012496723793447018,0.001211038907058537,-4982.8251953125,179.29684448242188,-329.997802734375,0.015948722139000893,-2.0774035453796387,-0.02097993530333042
1224,10630,8999.9951171875,0.015790589153766632,0.010772320441901684,-0.001582106575369835,-0.0005245715146884322,0.0013857525773346424,0.0007306997431442142,1.9116442203521729,0.012312343344092369,0.00039540923899039626,-4982.8251953125,179.29702758789062,-329.99774169921875,0.0016520917415618896,-1.7510560750961304,-0.0176862720400095
1242,10755,8999.9951171875,0.053896624594926834,-0.012303007766604424,0.01820109784603119,0.000544138893019408,0.0007387868827208877,6.310095341177657e-05,1.9117910861968994,0.01234972570091486,5.019734817324206e-05,-4982.8251953125,179.297119140625,-329.9979553222656,0.0009197145700454712,-1.4790230989456177,-0.014940163120627403
1260,10885,8999.9951171875,-0.002975528361275792,-0.010857435874640942,-0.0010882073547691107,0.00030487339245155454,0.00042494016815908253,5.727749157813378e-05,1.9117481708526611,0.012371615506708622,-0.00013360148295760155,-4982.8251953125,179.2971954345703,-329.9979553222656,0.0005261203623376787,-1.2507561445236206,-0.012635431252419949
1278,11014,8999.9951171875,-0.008088793605566025,-0.005248981527984142,-0.002830683020874858,0.00013696377573069185,0.00020528580353129655,-2.8012582333758473e-06,1.911754846572876,0.012374631129205227,-0.0002293214201927185,-4982.8251953125,179.29722595214844,-329.9980163574219,0.0002467978629283607,-1.0551000833511353,-0.010659647174179554
1296,11144,8999.9951171875,-0.001201049773953855,-0.0019445677753537893,-0.0004059937782585621,0.00011138567060697824,0.00014133700460661203,5.404348485171795e-05,1.9117538928985596,0.012374323792755604,-0.00024261645739898086,-4982.8251953125,179.2972412109375,-329.9980163574219,0.0001878925395430997,-0.8891551494598389,-0.008983667939901352
1314,11272,8999.9951171875,-0.00018232340516988188,-0.0011737359454855323,-5.0835580623243004e-05,0.00012971529213245958,3.560917321010493e-05,2.2722342691849917e-05,1.9117538928985596,0.012374323792755604,-0.00024261645739898086,-4982.8251953125,179.29725646972656,-329.9980163574219,0.00013641983969137073,-0.7510552406311035,-0.0075887530110776424
1332,11398,8999.9951171875,-0.001683001988567412,-0.00018479883146937937,-0.0005950185586698353,0.00012604251969605684,5.5114487622631714e-05,3.5630615457193926e-05,1.9117538928985596,0.012374323792755604,-0.00024261645739898086,-4982.8251953125,179.29725646972656,-329.998046875,0.00014210511290002614,-0.6346088647842407,-0.0064124446362257
1350,11525,8999.9951171875,-0.0002529662742745131,-0.0012236926704645157,-7.473877485608682e-05,0.00013440908514894545,1.2460675407055533e-06,3.2141291740117595e-05,1.9117538928985596,0.012374323792755604,-0.00024261645739898086,-4982.8251953125,179.29727172851562,-329.998046875,0.00013820423919241875,-0.5361011028289795,-0.005417266394942999
1368,11653,8999.9951171875,-0.0018413085490465164,-0.00018832020577974617,-0.0006510666571557522,0.00012737132783513516,-2.192575266235508e-05,3.272522008046508e-05,1.9117538928985596,0.01237428653985262,-0.0002466219011694193,-4982.8251953125,179.29727172851562,-329.9980773925781,0.00013332341040950269,-0.4514067471027374,-0.0045615797862410545
1386,11777,8999.9951171875,-0.000286144349956885,-0.0005906595033593476,-9.427945769857615e-05,0.00011571207141969353,3.219543941668235e-05,3.731267497641966e-05,1.9117538928985596,0.01237428653985262,-0.0002466219011694193,-4982.8251953125,179.29727172851562,-329.9980773925781,0.0001257698895642534,-0.38155338168144226,-0.003855794668197632
